{
  "matches": {
    "Canada vs Morocco": {
      "home": 5.2928,
      "draw": 3.3004000000000002,
      "away": 1.8228
    },
    "Paraguay vs France": {
      "home": 17.684,
      "draw": 7.153200000000001,
      "away": 1.1864
    },
    "Brazil vs Norway": {
      "home": 1.8256000000000001,
      "draw": 3.7312,
      "away": 4.3828000000000005
    },
    "Mexico vs England": {
      "home": 3.128,
      "draw": 3.2039999999999997,
      "away": 2.4263999999999997
    },
    "Portugal vs Spain": {
      "home": 4.0308,
      "draw": 3.6184,
      "away": 1.928
    },
    "United States vs Belgium": {
      "home": 2.7328,
      "draw": 3.3552,
      "away": 2.6412
    },
    "Argentina vs Egypt": {
      "home": 1.3684,
      "draw": 4.8176,
      "away": 9.659600000000001
    },
    "Switzerland vs Colombia": {
      "home": 3.4863999999999997,
      "draw": 3.2039999999999997,
      "away": 2.2496
    }
  },
  "outrights": {
    "France": 2.94,
    "Argentina": 5.4,
    "Spain": 7.1,
    "England": 11.5,
    "Brazil": 13.0,
    "Portugal": 14.5,
    "Colombia": 28.0,
    "Mexico": 29.5,
    "Morocco": 33.5,
    "United States": 35.5,
    "Norway": 44.5,
    "Belgium": 55.5,
    "Switzerland": 83.5,
    "Canada": 315.5,
    "Egypt": 350.5,
    "Paraguay": 435.5
  },
  "fetched": "2026-07-04T16:41:24.046203+00:00"
}