{
  "matches": {
    "France vs Morocco": {
      "home": 1.5769565217391306,
      "draw": 3.936521739130435,
      "away": 6.613478260869566
    },
    "Spain vs Belgium": {
      "home": 1.6430434782608696,
      "draw": 3.971304347826087,
      "away": 5.544782608695653
    },
    "Norway vs England": {
      "home": 4.195652173913044,
      "draw": 3.718695652173913,
      "away": 1.8695652173913044
    },
    "Argentina vs Switzerland": {
      "home": 1.7054166666666666,
      "draw": 3.5879166666666666,
      "away": 5.640000000000001
    }
  },
  "outrights": {
    "France": 2.99,
    "Argentina": 5.05,
    "Spain": 5.1,
    "England": 5.7,
    "Norway": 16.5,
    "Morocco": 32.5,
    "Belgium": 36.0,
    "Switzerland": 39.0
  },
  "fetched": "2026-07-09T10:24:05.160898+00:00"
}