{
  "matches": {
    "Ivory Coast vs Norway": {
      "home": 3.5356,
      "draw": 3.4684,
      "away": 2.1391999999999998
    },
    "France vs Sweden": {
      "home": 1.2948000000000002,
      "draw": 5.9796000000000005,
      "away": 10.216800000000001
    },
    "Mexico vs Ecuador": {
      "home": 2.2596000000000003,
      "draw": 2.9188,
      "away": 3.9396
    },
    "England vs Congo DR": {
      "home": 1.2756521739130435,
      "draw": 5.53695652173913,
      "away": 13.398260869565219
    },
    "Belgium vs Senegal": {
      "home": 2.218,
      "draw": 3.2292,
      "away": 3.5516
    },
    "United States vs Bosnia-Herzegovina": {
      "home": 1.3732,
      "draw": 4.9244,
      "away": 8.9448
    },
    "Spain vs Austria": {
      "home": 1.3272,
      "draw": 5.2860000000000005,
      "away": 10.2596
    },
    "Portugal vs Croatia": {
      "home": 1.7772,
      "draw": 3.5536000000000003,
      "away": 5.0148
    },
    "Switzerland vs Algeria": {
      "home": 2.0580000000000003,
      "draw": 3.2532,
      "away": 3.9844
    },
    "Australia vs Egypt": {
      "home": 3.3836,
      "draw": 2.8996,
      "away": 2.4859999999999998
    },
    "Argentina vs Cape Verde Islands": {
      "home": 1.1652,
      "draw": 7.7796,
      "away": 18.694000000000003
    },
    "Colombia vs Ghana": {
      "home": 1.5219999999999998,
      "draw": 3.9244,
      "away": 7.5931999999999995
    },
    "Canada vs Morocco": {
      "home": 4.900833333333334,
      "draw": 3.580416666666667,
      "away": 1.7858333333333334
    }
  },
  "outrights": {
    "France": 3.6,
    "Argentina": 5.05,
    "Spain": 8.05,
    "England": 8.25,
    "Brazil": 11.75,
    "Portugal": 15.0,
    "Morocco": 22.5,
    "Colombia": 32.5,
    "United States": 37.0,
    "Norway": 44.5,
    "Belgium": 60.5,
    "Mexico": 55.5,
    "Switzerland": 100.5,
    "Ecuador": 143.0,
    "Senegal": 155.5,
    "Ivory Coast": 225.5,
    "Canada": 198.0,
    "Croatia": 215.5,
    "Paraguay": 290.5,
    "Sweden": 295.5,
    "Egypt": 390.5,
    "Austria": 405.5,
    "Australia": 460.5,
    "Ghana": 525.5,
    "Algeria": 575.5,
    "Cape Verde Islands": 750.5,
    "Congo DR": 750.5,
    "Bosnia-Herzegovina": 750.5
  },
  "fetched": "2026-06-30T10:31:21.900285+00:00"
}