{
  "matches": {
    "Australia vs Egypt": {
      "home": 3.6664,
      "draw": 2.8836,
      "away": 2.3728
    },
    "Argentina vs Cape Verde Islands": {
      "home": 1.1408,
      "draw": 8.5296,
      "away": 21.7876
    },
    "Colombia vs Ghana": {
      "home": 1.4276,
      "draw": 4.3724,
      "away": 8.8848
    },
    "Canada vs Morocco": {
      "home": 5.1739999999999995,
      "draw": 3.502,
      "away": 1.7736
    },
    "Paraguay vs France": {
      "home": 17.1028,
      "draw": 6.9368,
      "away": 1.1936
    },
    "Brazil vs Norway": {
      "home": 1.8416,
      "draw": 3.6984,
      "away": 4.3304
    },
    "Mexico vs England": {
      "home": 3.1475999999999997,
      "draw": 3.2076,
      "away": 2.418
    },
    "Portugal vs Spain": {
      "home": 4.1095999999999995,
      "draw": 3.62,
      "away": 1.9096000000000002
    },
    "United States vs Belgium": {
      "home": 2.6552,
      "draw": 3.3744,
      "away": 2.6944
    }
  },
  "outrights": {
    "France": 2.94,
    "Argentina": 5.3,
    "Spain": 7.1,
    "England": 11.25,
    "Brazil": 13.75,
    "Portugal": 13.75,
    "Mexico": 30.5,
    "Colombia": 33.5,
    "United States": 33.5,
    "Morocco": 34.0,
    "Norway": 42.0,
    "Belgium": 57.0,
    "Switzerland": 75.5,
    "Canada": 325.5,
    "Egypt": 385.5,
    "Paraguay": 450.5,
    "Australia": 475.5,
    "Ghana": 540.5,
    "Cape Verde Islands": 875.5
  },
  "fetched": "2026-07-03T15:12:13.727696+00:00"
}