{
  "matches": {
    "France vs England": {
      "home": 1.8792,
      "draw": 4.0396,
      "away": 3.8324000000000003
    },
    "Spain vs Argentina": {
      "home": 2.3004,
      "draw": 3.0471999999999997,
      "away": 3.62
    }
  },
  "outrights": {
    "Spain": 1.655,
    "Argentina": 2.3200000000000003
  },
  "fetched": "2026-07-18T08:47:26.420464+00:00"
}