{
  "matches": {
    "Spain vs Belgium": {
      "home": 1.6136000000000001,
      "draw": 4.03,
      "away": 5.8376
    },
    "Norway vs England": {
      "home": 4.1080000000000005,
      "draw": 3.6888,
      "away": 1.8963999999999999
    },
    "Argentina vs Switzerland": {
      "home": 1.6935999999999998,
      "draw": 3.6064,
      "away": 5.7548
    }
  },
  "outrights": {
    "France": 2.5300000000000002,
    "Argentina": 5.5,
    "Spain": 5.55,
    "England": 5.85,
    "Norway": 16.5,
    "Belgium": 39.0,
    "Switzerland": 42.0
  },
  "fetched": "2026-07-10T15:32:25.747905+00:00"
}