{
  "matches": {
    "Croatia vs Ghana": {
      "home": 1.9176,
      "draw": 3.1524,
      "away": 4.9616
    },
    "Panama vs England": {
      "home": 16.5884,
      "draw": 8.6784,
      "away": 1.1596
    },
    "Colombia vs Portugal": {
      "home": 3.5136000000000003,
      "draw": 3.8592,
      "away": 2.0032
    },
    "Congo DR vs Uzbekistan": {
      "home": 1.6056521739130434,
      "draw": 4.1982608695652175,
      "away": 5.552173913043478
    },
    "Algeria vs Austria": {
      "home": 4.1728,
      "draw": 2.1475999999999997,
      "away": 2.9648000000000003
    },
    "Jordan vs Argentina": {
      "home": 17.8968,
      "draw": 8.680399999999999,
      "away": 1.1527999999999998
    },
    "South Africa vs Canada": {
      "home": 5.4776,
      "draw": 3.616,
      "away": 1.7096
    },
    "Brazil vs Japan": {
      "home": 1.6995833333333332,
      "draw": 3.8054166666666664,
      "away": 5.2275
    },
    "Germany vs Paraguay": {
      "home": 1.38875,
      "draw": 4.8950000000000005,
      "away": 8.29125
    },
    "Netherlands vs Morocco": {
      "home": 2.16,
      "draw": 3.2308333333333334,
      "away": 3.685
    },
    "Ivory Coast vs Norway": {
      "home": 3.8508333333333336,
      "draw": 3.59375,
      "away": 1.97875
    },
    "France vs Sweden": {
      "home": 1.2891666666666668,
      "draw": 5.72375,
      "away": 10.668750000000001
    },
    "United States vs Bosnia-Herzegovina": {
      "home": 1.3776,
      "draw": 4.8724,
      "away": 8.7848
    },
    "Australia vs Egypt": {
      "home": 3.301304347826087,
      "draw": 2.973913043478261,
      "away": 2.468695652173913
    },
    "Argentina vs Cape Verde Islands": {
      "home": 1.1608333333333334,
      "draw": 7.702916666666667,
      "away": 19.185
    }
  },
  "outrights": {
    "France": 4.6,
    "Argentina": 6.2,
    "Spain": 7.5,
    "England": 8.1,
    "Portugal": 10.75,
    "Brazil": 14.25,
    "Netherlands": 17.5,
    "Germany": 20.0,
    "United States": 30.5,
    "Norway": 34.5,
    "Belgium": 50.5,
    "Morocco": 53.0,
    "Japan": 53.0,
    "Colombia": 55.5,
    "Mexico": 60.5,
    "Switzerland": 76.0,
    "Ecuador": 138.0,
    "Senegal": 160.5,
    "Croatia": 175.5,
    "Ivory Coast": 210.5,
    "Australia": 295.5,
    "Canada": 275.5,
    "Sweden": 305.5,
    "Egypt": 340.5,
    "Austria": 300.5,
    "Ghana": 510.5,
    "Paraguay": 575.5,
    "Bosnia-Herzegovina": 715.5,
    "Cape Verde Islands": 1000.5,
    "Algeria": 750.5,
    "Iran": 750.5,
    "Uzbekistan": 1000.0,
    "South Korea": 700.5,
    "Scotland": 875.5,
    "South Africa": 750.5,
    "Congo DR": 875.5
  },
  "fetched": "2026-06-27T09:27:45.241947+00:00"
}