{
  "matches": {
    "France vs Morocco": {
      "home": 1.5737500000000002,
      "draw": 3.922916666666667,
      "away": 6.5254166666666675
    },
    "Spain vs Belgium": {
      "home": 1.6208695652173915,
      "draw": 3.997391304347826,
      "away": 5.671739130434782
    },
    "Norway vs England": {
      "home": 4.1466666666666665,
      "draw": 3.7216666666666662,
      "away": 1.8708333333333333
    },
    "Argentina vs Switzerland": {
      "home": 1.7025,
      "draw": 3.56125,
      "away": 5.646249999999999
    }
  },
  "outrights": {
    "France": 2.965,
    "Spain": 4.85,
    "Argentina": 4.9,
    "England": 6.0,
    "Norway": 16.0,
    "Morocco": 34.0,
    "Belgium": 36.0,
    "Switzerland": 38.0
  },
  "fetched": "2026-07-08T15:22:42.130480+00:00"
}