{
  "matches": {
    "South Africa vs Canada": {
      "home": 5.94,
      "draw": 3.7804,
      "away": 1.652
    },
    "Brazil vs Japan": {
      "home": 1.6879999999999997,
      "draw": 3.8384000000000005,
      "away": 5.3004
    },
    "Germany vs Paraguay": {
      "home": 1.3596000000000001,
      "draw": 5.1095999999999995,
      "away": 9.1204
    },
    "Netherlands vs Morocco": {
      "home": 2.1533333333333333,
      "draw": 3.1779166666666665,
      "away": 3.785
    },
    "Ivory Coast vs Norway": {
      "home": 3.696,
      "draw": 3.528,
      "away": 2.044
    },
    "France vs Sweden": {
      "home": 1.2804,
      "draw": 5.9828,
      "away": 11.111600000000001
    },
    "Mexico vs Ecuador": {
      "home": 2.2079166666666667,
      "draw": 3.046666666666667,
      "away": 3.807916666666667
    },
    "England vs Congo DR": {
      "home": 1.2731818181818182,
      "draw": 5.615909090909091,
      "away": 12.457727272727272
    },
    "Belgium vs Senegal": {
      "home": 2.138333333333333,
      "draw": 3.2533333333333334,
      "away": 3.7279166666666668
    },
    "United States vs Bosnia-Herzegovina": {
      "home": 1.3696000000000002,
      "draw": 4.9719999999999995,
      "away": 9.07
    },
    "Spain vs Austria": {
      "home": 1.2743478260869565,
      "draw": 5.415217391304347,
      "away": 13.431739130434783
    },
    "Portugal vs Croatia": {
      "home": 1.8421739130434782,
      "draw": 3.4469565217391307,
      "away": 4.74
    },
    "Switzerland vs Algeria": {
      "home": 1.892173913043478,
      "draw": 3.561304347826087,
      "away": 4.238695652173913
    },
    "Australia vs Egypt": {
      "home": 3.2756,
      "draw": 2.9648000000000003,
      "away": 2.4936000000000003
    },
    "Argentina vs Cape Verde Islands": {
      "home": 1.1458333333333333,
      "draw": 8.29875,
      "away": 21.07875
    },
    "Colombia vs Ghana": {
      "home": 1.6117391304347826,
      "draw": 3.707391304347826,
      "away": 6.481304347826087
    }
  },
  "outrights": {
    "France": 4.5,
    "Argentina": 5.15,
    "Spain": 7.9,
    "England": 7.9,
    "Brazil": 14.5,
    "Portugal": 14.25,
    "Netherlands": 17.5,
    "Germany": 21.5,
    "Colombia": 36.0,
    "United States": 36.5,
    "Norway": 39.5,
    "Belgium": 50.5,
    "Morocco": 53.0,
    "Mexico": 55.5,
    "Japan": 55.5,
    "Switzerland": 78.5,
    "Ecuador": 138.0,
    "Senegal": 160.5,
    "Croatia": 180.5,
    "Ivory Coast": 210.5,
    "Canada": 295.5,
    "Sweden": 355.5,
    "Austria": 375.5,
    "Egypt": 425.5,
    "Australia": 410.5,
    "Ghana": 515.5,
    "Algeria": 675.5,
    "Paraguay": 605.5,
    "Bosnia-Herzegovina": 750.5,
    "Cape Verde Islands": 1000.5,
    "South Africa": 750.5,
    "Congo DR": 750.5
  },
  "fetched": "2026-06-28T09:56:42.153158+00:00"
}