{
  "matches": {
    "England vs Congo DR": {
      "home": 1.290909090909091,
      "draw": 5.220454545454545,
      "away": 13.948636363636364
    },
    "Belgium vs Senegal": {
      "home": 2.154166666666667,
      "draw": 3.33375,
      "away": 3.63625
    },
    "United States vs Bosnia-Herzegovina": {
      "home": 1.3866666666666667,
      "draw": 4.89,
      "away": 8.569583333333332
    },
    "Spain vs Austria": {
      "home": 1.325,
      "draw": 5.263333333333334,
      "away": 10.192916666666667
    },
    "Portugal vs Croatia": {
      "home": 1.7808333333333335,
      "draw": 3.5208333333333335,
      "away": 5.03
    },
    "Switzerland vs Algeria": {
      "home": 2.0375,
      "draw": 3.247916666666667,
      "away": 4.08375
    },
    "Australia vs Egypt": {
      "home": 3.389583333333333,
      "draw": 2.889583333333333,
      "away": 2.4891666666666667
    },
    "Argentina vs Cape Verde Islands": {
      "home": 1.1633333333333333,
      "draw": 7.759583333333333,
      "away": 19.45
    },
    "Colombia vs Ghana": {
      "home": 1.5191666666666668,
      "draw": 3.9304166666666664,
      "away": 7.607916666666667
    },
    "Canada vs Morocco": {
      "home": 4.827083333333333,
      "draw": 3.484166666666667,
      "away": 1.82
    },
    "Paraguay vs France": {
      "home": 16.868695652173916,
      "draw": 7.013913043478261,
      "away": 1.1895652173913043
    },
    "Brazil vs Norway": {
      "home": 1.9037499999999998,
      "draw": 3.5795833333333333,
      "away": 4.132083333333333
    }
  },
  "outrights": {
    "France": 3.025,
    "Argentina": 5.5,
    "Spain": 8.7,
    "England": 8.45,
    "Brazil": 12.25,
    "Portugal": 15.25,
    "Morocco": 28.5,
    "Colombia": 32.5,
    "Mexico": 33.5,
    "United States": 37.0,
    "Norway": 42.0,
    "Belgium": 63.0,
    "Switzerland": 100.5,
    "Senegal": 150.5,
    "Croatia": 215.5,
    "Canada": 298.0,
    "Paraguay": 360.5,
    "Egypt": 390.5,
    "Austria": 390.5,
    "Australia": 475.5,
    "Ghana": 540.5,
    "Algeria": 580.5,
    "Cape Verde Islands": 750.5,
    "Congo DR": 750.5,
    "Bosnia-Herzegovina": 750.5
  },
  "fetched": "2026-07-01T10:40:57.067361+00:00"
}