{
  "matches": {
    "France vs Spain": {
      "home": 2.31,
      "draw": 3.2762499999999997,
      "away": 3.3074999999999997
    },
    "England vs Argentina": {
      "home": 2.5391666666666666,
      "draw": 3.0566666666666666,
      "away": 3.0895833333333336
    }
  },
  "outrights": {
    "France": 2.56,
    "England": 4.415,
    "Spain": 4.3,
    "Argentina": 5.2
  },
  "fetched": "2026-07-12T09:02:03.469652+00:00"
}