{
  "matches": {
    "Argentina vs Egypt": {
      "home": 1.3464,
      "draw": 4.9092,
      "away": 10.978800000000001
    },
    "Switzerland vs Colombia": {
      "home": 3.5860000000000003,
      "draw": 3.11,
      "away": 2.2763999999999998
    },
    "France vs Morocco": {
      "home": 1.5916,
      "draw": 3.8824,
      "away": 6.3064
    },
    "Spain vs Belgium": {
      "home": 1.6216,
      "draw": 3.9888,
      "away": 5.624
    },
    "Norway vs England": {
      "home": 4.0764,
      "draw": 3.6784,
      "away": 1.8980000000000001
    }
  },
  "outrights": {
    "France": 2.875,
    "Spain": 4.8,
    "Argentina": 5.55,
    "England": 6.3,
    "Norway": 17.5,
    "Colombia": 26.5,
    "Morocco": 32.5,
    "Belgium": 38.0,
    "Switzerland": 81.0,
    "Egypt": 285.5
  },
  "fetched": "2026-07-07T10:25:04.781364+00:00"
}