{
  "matches": {
    "Norway vs England": {
      "home": 3.8844,
      "draw": 3.7264,
      "away": 1.9416
    },
    "Argentina vs Switzerland": {
      "home": 1.7012,
      "draw": 3.5976,
      "away": 5.75
    },
    "France vs Spain": {
      "home": 2.3808,
      "draw": 3.266,
      "away": 3.1648
    }
  },
  "outrights": {
    "France": 2.5700000000000003,
    "Spain": 4.415,
    "Argentina": 5.55,
    "England": 5.95,
    "Norway": 16.75,
    "Switzerland": 48.0
  },
  "fetched": "2026-07-11T14:22:19.430017+00:00"
}