{
  "matches": {
    "France vs England": {
      "home": 1.754,
      "draw": 4.1688,
      "away": 4.34
    },
    "Spain vs Argentina": {
      "home": 2.2952,
      "draw": 3.0639999999999996,
      "away": 3.6124
    }
  },
  "outrights": {
    "Spain": 1.65,
    "Argentina": 2.3200000000000003
  },
  "fetched": "2026-07-18T20:33:41.375546+00:00"
}