{
  "matches": {
    "France vs Spain": {
      "home": 2.3331999999999997,
      "draw": 3.2807999999999997,
      "away": 3.2508
    },
    "England vs Argentina": {
      "home": 2.6316,
      "draw": 2.9904,
      "away": 3.0527999999999995
    }
  },
  "outrights": {
    "France": 2.45,
    "England": 4.25,
    "Spain": 4.35,
    "Argentina": 5.4
  },
  "fetched": "2026-07-13T10:24:44.799734+00:00"
}