{
  "matches": {
    "Portugal vs Uzbekistan": {
      "home": 1.0,
      "draw": 97.33333333333333,
      "away": 150.66666666666666
    },
    "England vs Ghana": {
      "home": 1.1879166666666665,
      "draw": 7.364166666666667,
      "away": 16.90791666666667
    },
    "Panama vs Croatia": {
      "home": 7.3675,
      "draw": 4.5175,
      "away": 1.46375
    },
    "Colombia vs Congo DR": {
      "home": 1.5381818181818183,
      "draw": 4.085909090909091,
      "away": 6.795454545454546
    },
    "Bosnia-Herzegovina vs Qatar": {
      "home": 1.3908333333333334,
      "draw": 5.18875,
      "away": 7.506666666666667
    },
    "Switzerland vs Canada": {
      "home": 2.3425,
      "draw": 3.1133333333333333,
      "away": 3.376666666666667
    },
    "Scotland vs Brazil": {
      "home": 8.281666666666666,
      "draw": 5.24125,
      "away": 1.3654166666666667
    },
    "Morocco vs Haiti": {
      "home": 1.1708333333333332,
      "draw": 7.576666666666667,
      "away": 17.894583333333333
    },
    "Czechia vs Mexico": {
      "home": 3.702083333333333,
      "draw": 3.8954166666666663,
      "away": 1.9308333333333332
    },
    "South Africa vs South Korea": {
      "home": 5.385416666666667,
      "draw": 3.8350000000000004,
      "away": 1.6770833333333333
    },
    "Curaçao vs Ivory Coast": {
      "home": 19.002083333333335,
      "draw": 8.220416666666667,
      "away": 1.1516666666666666
    },
    "Ecuador vs Germany": {
      "home": 3.7412500000000004,
      "draw": 3.98625,
      "away": 1.8941666666666668
    },
    "Japan vs Sweden": {
      "home": 1.91875,
      "draw": 3.4716666666666662,
      "away": 4.226666666666667
    },
    "Tunisia vs Netherlands": {
      "home": 22.059565217391306,
      "draw": 8.854347826086956,
      "away": 1.1282608695652174
    },
    "Paraguay vs Australia": {
      "home": 2.8800000000000003,
      "draw": 2.225,
      "away": 3.935416666666667
    },
    "Turkey vs United States": {
      "home": 3.54625,
      "draw": 4.0720833333333335,
      "away": 1.9208333333333334
    },
    "Norway vs France": {
      "home": 5.14625,
      "draw": 4.270416666666667,
      "away": 1.6224999999999998
    },
    "Senegal vs Iraq": {
      "home": 1.2329166666666667,
      "draw": 6.533333333333334,
      "away": 12.590833333333334
    },
    "Cape Verde Islands vs Saudi Arabia": {
      "home": 2.38125,
      "draw": 3.485416666666667,
      "away": 2.9466666666666668
    },
    "Uruguay vs Spain": {
      "home": 7.015000000000001,
      "draw": 4.189583333333333,
      "away": 1.5033333333333332
    },
    "New Zealand vs Belgium": {
      "home": 15.012727272727272,
      "draw": 7.260454545454545,
      "away": 1.194090909090909
    },
    "Egypt vs Iran": {
      "home": 2.445,
      "draw": 2.67,
      "away": 3.782272727272727
    },
    "Croatia vs Ghana": {
      "home": 1.668,
      "draw": 3.501,
      "away": 5.7615
    },
    "Panama vs England": {
      "home": 13.056999999999999,
      "draw": 7.015000000000001,
      "away": 1.1995
    },
    "Colombia vs Portugal": {
      "home": 3.681052631578947,
      "draw": 3.47421052631579,
      "away": 2.002105263157895
    },
    "Congo DR vs Uzbekistan": {
      "home": 1.9973684210526317,
      "draw": 3.665263157894737,
      "away": 3.498421052631579
    },
    "Algeria vs Austria": {
      "home": 3.7676190476190476,
      "draw": 2.3514285714285714,
      "away": 2.751904761904762
    },
    "Jordan vs Argentina": {
      "home": 14.217619047619047,
      "draw": 6.976666666666667,
      "away": 1.2028571428571428
    }
  },
  "outrights": {
    "France": 5.1,
    "Spain": 6.5,
    "England": 7.3,
    "Argentina": 7.65,
    "Portugal": 11.75,
    "Germany": 15.75,
    "Netherlands": 17.0,
    "Brazil": 17.5,
    "United States": 35.0,
    "Norway": 33.5,
    "Morocco": 39.5,
    "Japan": 45.5,
    "Belgium": 58.0,
    "Colombia": 63.0,
    "Mexico": 68.0,
    "Switzerland": 105.5,
    "Senegal": 165.5,
    "Croatia": 168.0,
    "Ivory Coast": 195.5,
    "Australia": 275.5,
    "Canada": 223.0,
    "Egypt": 285.5,
    "Sweden": 265.5,
    "Austria": 305.5,
    "Ecuador": 355.5,
    "South Korea": 360.5,
    "Uruguay": 350.5,
    "Paraguay": 475.5,
    "Scotland": 510.5,
    "Ghana": 585.5,
    "Algeria": 710.5,
    "Iran": 875.5,
    "Uzbekistan": 1250.5,
    "New Zealand": 1000.5,
    "Qatar": 2250.5,
    "Saudi Arabia": 1000.5,
    "Cape Verde Islands": 1000.5,
    "South Africa": 1250.5,
    "Curaçao": 1750.5,
    "Czechia": 750.5,
    "Congo DR": 875.5,
    "Iraq": 1750.5,
    "Panama": 1250.5,
    "Bosnia-Herzegovina": 750.5
  },
  "fetched": "2026-06-23T17:57:30.719257+00:00"
}