{
  "matches": {
    "France vs Morocco": {
      "home": 1.5883333333333336,
      "draw": 3.901666666666667,
      "away": 6.34375
    },
    "Spain vs Belgium": {
      "home": 1.6245833333333335,
      "draw": 4.004583333333334,
      "away": 5.5808333333333335
    },
    "Norway vs England": {
      "home": 4.195833333333334,
      "draw": 3.71625,
      "away": 1.8637500000000002
    },
    "Argentina vs Switzerland": {
      "home": 1.71875,
      "draw": 3.589166666666667,
      "away": 5.430416666666667
    }
  },
  "outrights": {
    "France": 2.965,
    "Spain": 4.85,
    "Argentina": 4.9,
    "England": 6.0,
    "Norway": 17.25,
    "Morocco": 34.0,
    "Belgium": 36.0,
    "Switzerland": 38.0
  },
  "fetched": "2026-07-08T09:24:50.116150+00:00"
}