{
  "matches": {
    "Spain vs Austria": {
      "home": 1.4148000000000003,
      "draw": 5.3912,
      "away": 11.581199999999999
    },
    "Portugal vs Croatia": {
      "home": 1.7180000000000002,
      "draw": 3.7716,
      "away": 5.2188
    },
    "Switzerland vs Algeria": {
      "home": 1.962,
      "draw": 3.2944,
      "away": 4.4148000000000005
    },
    "Australia vs Egypt": {
      "home": 3.3760000000000003,
      "draw": 2.91,
      "away": 2.4788
    },
    "Argentina vs Cape Verde Islands": {
      "home": 1.1588,
      "draw": 7.9188,
      "away": 19.578
    },
    "Colombia vs Ghana": {
      "home": 1.5184,
      "draw": 3.97,
      "away": 7.516800000000001
    },
    "Canada vs Morocco": {
      "home": 5.112,
      "draw": 3.4692000000000003,
      "away": 1.79
    },
    "Paraguay vs France": {
      "home": 17.5872,
      "draw": 6.9952,
      "away": 1.1876
    },
    "Brazil vs Norway": {
      "home": 1.8768,
      "draw": 3.6748000000000003,
      "away": 4.1864
    },
    "Mexico vs England": {
      "home": 3.1316,
      "draw": 3.1616000000000004,
      "away": 2.4544
    },
    "United States vs Belgium": {
      "home": 2.5648,
      "draw": 3.4448000000000003,
      "away": 2.7539999999999996
    }
  },
  "outrights": {
    "France": 2.9299999999999997,
    "Argentina": 5.25,
    "Spain": 9.1,
    "England": 9.5,
    "Brazil": 12.5,
    "Portugal": 16.5,
    "Mexico": 30.5,
    "United States": 30.5,
    "Morocco": 31.0,
    "Colombia": 32.5,
    "Norway": 42.0,
    "Belgium": 47.0,
    "Switzerland": 100.5,
    "Croatia": 240.5,
    "Canada": 315.5,
    "Australia": 440.5,
    "Egypt": 420.5,
    "Paraguay": 485.5,
    "Austria": 515.5,
    "Ghana": 520.5,
    "Algeria": 680.5,
    "Cape Verde Islands": 875.5
  },
  "fetched": "2026-07-02T15:17:10.510856+00:00"
}