{
  "matches": {
    "France vs Spain": {
      "home": 2.3432,
      "draw": 3.266,
      "away": 3.2508
    },
    "England vs Argentina": {
      "home": 2.6441666666666666,
      "draw": 2.9737500000000003,
      "away": 3.0566666666666666
    }
  },
  "outrights": {
    "France": 2.44,
    "England": 4.25,
    "Spain": 4.25,
    "Argentina": 5.45
  },
  "fetched": "2026-07-13T15:42:42.065021+00:00"
}