{
  "matches": {
    "Norway vs England": {
      "home": 3.9256,
      "draw": 3.7316000000000003,
      "away": 1.9296
    },
    "Argentina vs Switzerland": {
      "home": 1.696,
      "draw": 3.6072,
      "away": 5.8132
    },
    "France vs Spain": {
      "home": 2.3433333333333333,
      "draw": 3.2495833333333333,
      "away": 3.2274999999999996
    }
  },
  "outrights": {
    "France": 2.58,
    "Spain": 4.415,
    "Argentina": 5.55,
    "England": 5.85,
    "Norway": 16.5,
    "Switzerland": 48.0
  },
  "fetched": "2026-07-11T08:46:01.638152+00:00"
}