{
  "matches": {
    "Spain vs Austria": {
      "home": 1.45125,
      "draw": 5.1241666666666665,
      "away": 10.573333333333332
    },
    "Portugal vs Croatia": {
      "home": 1.72375,
      "draw": 3.7433333333333336,
      "away": 5.15625
    },
    "Switzerland vs Algeria": {
      "home": 2.0141666666666667,
      "draw": 3.2595833333333335,
      "away": 4.202083333333333
    },
    "Australia vs Egypt": {
      "home": 3.377916666666667,
      "draw": 2.89625,
      "away": 2.482083333333333
    },
    "Argentina vs Cape Verde Islands": {
      "home": 1.1604166666666667,
      "draw": 7.794583333333333,
      "away": 19.685416666666665
    },
    "Colombia vs Ghana": {
      "home": 1.52125,
      "draw": 3.9499999999999997,
      "away": 7.5125
    },
    "Canada vs Morocco": {
      "home": 5.058333333333334,
      "draw": 3.4766666666666666,
      "away": 1.7933333333333332
    },
    "Paraguay vs France": {
      "home": 17.572608695652175,
      "draw": 6.988260869565217,
      "away": 1.1869565217391302
    },
    "Brazil vs Norway": {
      "home": 1.89,
      "draw": 3.6675,
      "away": 4.108333333333333
    },
    "Mexico vs England": {
      "home": 3.0621739130434786,
      "draw": 3.1269565217391304,
      "away": 2.5004347826086954
    },
    "United States vs Belgium": {
      "home": 2.5452173913043477,
      "draw": 3.468260869565217,
      "away": 2.748695652173913
    }
  },
  "outrights": {
    "France": 2.9299999999999997,
    "Argentina": 5.25,
    "Spain": 9.0,
    "England": 9.5,
    "Brazil": 12.5,
    "Portugal": 16.75,
    "Mexico": 30.5,
    "Colombia": 31.5,
    "United States": 31.5,
    "Morocco": 32.0,
    "Norway": 42.0,
    "Belgium": 47.0,
    "Switzerland": 100.5,
    "Croatia": 245.5,
    "Canada": 330.5,
    "Egypt": 405.5,
    "Austria": 475.5,
    "Australia": 475.5,
    "Paraguay": 480.5,
    "Ghana": 510.5,
    "Algeria": 655.5,
    "Cape Verde Islands": 875.5
  },
  "fetched": "2026-07-02T10:09:43.622008+00:00"
}