{
  "matches": {
    "Portugal vs Spain": {
      "home": 3.955833333333333,
      "draw": 3.5500000000000003,
      "away": 1.9704166666666667
    },
    "United States vs Belgium": {
      "home": 2.526666666666667,
      "draw": 3.475,
      "away": 2.8183333333333334
    },
    "Argentina vs Egypt": {
      "home": 1.3641666666666667,
      "draw": 4.823333333333333,
      "away": 9.815416666666666
    },
    "Switzerland vs Colombia": {
      "home": 3.55125,
      "draw": 3.0883333333333334,
      "away": 2.29
    },
    "France vs Morocco": {
      "home": 1.5891666666666666,
      "draw": 3.9,
      "away": 6.305416666666667
    },
    "Norway vs England": {
      "home": 4.034583333333333,
      "draw": 3.6654166666666668,
      "away": 1.9129166666666666
    }
  },
  "outrights": {
    "France": 2.75,
    "Argentina": 5.65,
    "England": 6.55,
    "Spain": 7.1,
    "Portugal": 15.5,
    "Norway": 19.5,
    "Colombia": 27.5,
    "United States": 34.0,
    "Morocco": 31.5,
    "Switzerland": 68.5,
    "Belgium": 58.0,
    "Egypt": 280.5
  },
  "fetched": "2026-07-06T18:50:55.417721+00:00"
}