{
  "matches": {
    "France vs England": {
      "home": 1.9043999999999999,
      "draw": 3.9312,
      "away": 3.8087999999999997
    },
    "Spain vs Argentina": {
      "home": 2.3044,
      "draw": 3.0664,
      "away": 3.5856
    }
  },
  "outrights": {
    "Spain": 1.6600000000000001,
    "Argentina": 2.31
  },
  "fetched": "2026-07-17T14:44:12.896665+00:00"
}