{
  "matches": {
    "Portugal vs Spain": {
      "home": 4.126666666666666,
      "draw": 3.6275,
      "away": 1.92125
    },
    "United States vs Belgium": {
      "home": 2.5124999999999997,
      "draw": 3.45125,
      "away": 2.8366666666666664
    },
    "Argentina vs Egypt": {
      "home": 1.38,
      "draw": 4.723333333333334,
      "away": 9.261666666666667
    },
    "Switzerland vs Colombia": {
      "home": 3.49875,
      "draw": 3.0816666666666666,
      "away": 2.3175
    },
    "France vs Morocco": {
      "home": 1.58125,
      "draw": 3.924583333333333,
      "away": 6.392916666666667
    },
    "Norway vs England": {
      "home": 4.061739130434782,
      "draw": 3.641304347826087,
      "away": 1.9104347826086956
    }
  },
  "outrights": {
    "France": 2.75,
    "Argentina": 5.7,
    "England": 6.55,
    "Spain": 7.1,
    "Portugal": 15.25,
    "Norway": 19.0,
    "Colombia": 27.0,
    "United States": 34.0,
    "Morocco": 33.5,
    "Belgium": 55.5,
    "Switzerland": 81.0,
    "Egypt": 290.5
  },
  "fetched": "2026-07-06T11:26:39.636063+00:00"
}