{
  "matches": {
    "France vs England": {
      "home": 1.90125,
      "draw": 3.87625,
      "away": 3.8533333333333335
    },
    "Spain vs Argentina": {
      "home": 2.3016666666666667,
      "draw": 3.0574999999999997,
      "away": 3.5816666666666666
    }
  },
  "outrights": {
    "Spain": 1.6600000000000001,
    "Argentina": 2.31
  },
  "fetched": "2026-07-17T09:08:03.774988+00:00"
}