{
  "matches": {
    "Panama vs Croatia": {
      "home": 8.007083333333332,
      "draw": 4.668333333333334,
      "away": 1.4220833333333331
    },
    "Colombia vs Congo DR": {
      "home": 1.5377272727272726,
      "draw": 4.049545454545455,
      "away": 6.980909090909091
    },
    "Bosnia-Herzegovina vs Qatar": {
      "home": 1.3829166666666666,
      "draw": 5.245416666666666,
      "away": 7.582916666666667
    },
    "Switzerland vs Canada": {
      "home": 2.347916666666667,
      "draw": 3.1220833333333338,
      "away": 3.3654166666666665
    },
    "Scotland vs Brazil": {
      "home": 8.437916666666666,
      "draw": 5.302083333333333,
      "away": 1.3604166666666666
    },
    "Morocco vs Haiti": {
      "home": 1.1729166666666666,
      "draw": 7.504583333333333,
      "away": 17.813333333333333
    },
    "Czechia vs Mexico": {
      "home": 3.6833333333333336,
      "draw": 3.873333333333333,
      "away": 1.9358333333333333
    },
    "South Africa vs South Korea": {
      "home": 5.3812500000000005,
      "draw": 3.8241666666666667,
      "away": 1.6758333333333333
    },
    "Curaçao vs Ivory Coast": {
      "home": 19.128333333333334,
      "draw": 8.175416666666667,
      "away": 1.1529166666666666
    },
    "Ecuador vs Germany": {
      "home": 3.7466666666666666,
      "draw": 3.9908333333333332,
      "away": 1.8933333333333333
    },
    "Japan vs Sweden": {
      "home": 1.9174999999999998,
      "draw": 3.46875,
      "away": 4.2370833333333335
    },
    "Tunisia vs Netherlands": {
      "home": 22.761304347826087,
      "draw": 8.84086956521739,
      "away": 1.127391304347826
    },
    "Paraguay vs Australia": {
      "home": 2.9287500000000004,
      "draw": 2.205833333333333,
      "away": 3.9316666666666666
    },
    "Turkey vs United States": {
      "home": 3.547916666666667,
      "draw": 4.069583333333333,
      "away": 1.9216666666666666
    },
    "Norway vs France": {
      "home": 5.148333333333333,
      "draw": 4.312083333333333,
      "away": 1.615
    },
    "Senegal vs Iraq": {
      "home": 1.22875,
      "draw": 6.590416666666666,
      "away": 12.9425
    },
    "Cape Verde Islands vs Saudi Arabia": {
      "home": 2.3970833333333332,
      "draw": 3.4716666666666662,
      "away": 2.9308333333333336
    },
    "Uruguay vs Spain": {
      "home": 7.114166666666667,
      "draw": 4.224166666666666,
      "away": 1.4962499999999999
    },
    "New Zealand vs Belgium": {
      "home": 15.303333333333333,
      "draw": 7.21375,
      "away": 1.1954166666666666
    },
    "Egypt vs Iran": {
      "home": 2.43625,
      "draw": 2.6758333333333333,
      "away": 3.7916666666666665
    },
    "Croatia vs Ghana": {
      "home": 1.7168421052631577,
      "draw": 3.3984210526315786,
      "away": 5.46578947368421
    },
    "Panama vs England": {
      "home": 13.405000000000001,
      "draw": 7.1925,
      "away": 1.188
    },
    "Colombia vs Portugal": {
      "home": 3.8505000000000003,
      "draw": 3.5835,
      "away": 1.9225
    },
    "Congo DR vs Uzbekistan": {
      "home": 1.857,
      "draw": 3.7924999999999995,
      "away": 3.8875
    },
    "Algeria vs Austria": {
      "home": 3.7963636363636364,
      "draw": 2.316818181818182,
      "away": 2.7963636363636364
    },
    "Jordan vs Argentina": {
      "home": 14.35,
      "draw": 7.03,
      "away": 1.200909090909091
    }
  },
  "outrights": {
    "France": 5.1,
    "Spain": 6.5,
    "Argentina": 7.65,
    "England": 7.6,
    "Portugal": 11.25,
    "Germany": 15.75,
    "Netherlands": 16.75,
    "Brazil": 17.25,
    "United States": 34.0,
    "Norway": 33.5,
    "Morocco": 39.5,
    "Japan": 45.5,
    "Belgium": 58.0,
    "Colombia": 58.0,
    "Mexico": 68.0,
    "Switzerland": 105.5,
    "Croatia": 158.0,
    "Ivory Coast": 200.5,
    "Ghana": 300.5,
    "Senegal": 205.5,
    "Canada": 198.0,
    "Egypt": 290.5,
    "Australia": 295.5,
    "Sweden": 255.5,
    "Austria": 295.5,
    "Ecuador": 355.5,
    "South Korea": 360.5,
    "Uruguay": 350.5,
    "Scotland": 480.5,
    "Paraguay": 525.5,
    "Algeria": 650.5,
    "Iran": 875.5,
    "Uzbekistan": 1000.0,
    "New Zealand": 1000.5,
    "Qatar": 2250.5,
    "Saudi Arabia": 1000.5,
    "Cape Verde Islands": 1000.5,
    "South Africa": 1250.5,
    "Curaçao": 1750.5,
    "Czechia": 750.5,
    "Congo DR": 875.5,
    "Iraq": 1750.5,
    "Panama": 1250.5,
    "Bosnia-Herzegovina": 750.5
  },
  "fetched": "2026-06-23T22:42:21.601947+00:00"
}