{
  "matches": {
    "Portugal vs Spain": {
      "home": 4.112608695652174,
      "draw": 3.571304347826087,
      "away": 1.9326086956521737
    },
    "United States vs Belgium": {
      "home": 2.4743478260869565,
      "draw": 3.460869565217391,
      "away": 2.885217391304348
    },
    "Argentina vs Egypt": {
      "home": 1.3695652173913044,
      "draw": 4.785217391304348,
      "away": 9.647391304347826
    },
    "Switzerland vs Colombia": {
      "home": 3.533478260869565,
      "draw": 3.082608695652174,
      "away": 2.2960869565217394
    },
    "France vs Morocco": {
      "home": 1.587826086956522,
      "draw": 3.904347826086956,
      "away": 6.28608695652174
    },
    "Norway vs England": {
      "home": 4.046956521739131,
      "draw": 3.670434782608696,
      "away": 1.9065217391304348
    }
  },
  "outrights": {
    "France": 2.75,
    "Argentina": 5.65,
    "England": 6.55,
    "Spain": 7.1,
    "Portugal": 15.5,
    "Norway": 19.5,
    "Colombia": 27.5,
    "United States": 33.0,
    "Morocco": 31.5,
    "Belgium": 58.0,
    "Switzerland": 76.0,
    "Egypt": 290.5
  },
  "fetched": "2026-07-06T16:21:05.679399+00:00"
}