{
  "matches": {
    "France vs Spain": {
      "home": 2.3295999999999997,
      "draw": 3.2888,
      "away": 3.2628000000000004
    },
    "England vs Argentina": {
      "home": 2.5596,
      "draw": 3.0368,
      "away": 3.08
    }
  },
  "outrights": {
    "France": 2.5300000000000002,
    "England": 4.415,
    "Spain": 4.35,
    "Argentina": 5.3
  },
  "fetched": "2026-07-12T14:26:23.890931+00:00"
}