{
  "matches": {
    "Norway vs England": {
      "home": 4.2004,
      "draw": 3.8748,
      "away": 1.8412
    },
    "Argentina vs Switzerland": {
      "home": 1.7087999999999999,
      "draw": 3.5427999999999997,
      "away": 5.7972
    },
    "France vs Spain": {
      "home": 2.353333333333333,
      "draw": 3.2670833333333333,
      "away": 3.2266666666666666
    }
  },
  "outrights": {
    "France": 2.56,
    "Spain": 4.415,
    "Argentina": 5.6,
    "England": 5.95,
    "Norway": 17.25,
    "Switzerland": 48.0
  },
  "fetched": "2026-07-11T20:26:41.710433+00:00"
}