{
  "matches": {
    "Brazil vs Norway": {
      "home": 1.7682608695652176,
      "draw": 3.7378260869565216,
      "away": 4.7443478260869565
    },
    "Mexico vs England": {
      "home": 3.0543478260869565,
      "draw": 3.116521739130435,
      "away": 2.5378260869565215
    },
    "Portugal vs Spain": {
      "home": 3.996521739130435,
      "draw": 3.66,
      "away": 1.9234782608695653
    },
    "United States vs Belgium": {
      "home": 2.6604347826086956,
      "draw": 3.4321739130434783,
      "away": 2.646086956521739
    },
    "Argentina vs Egypt": {
      "home": 1.3869565217391304,
      "draw": 4.7330434782608695,
      "away": 9.20217391304348
    },
    "Switzerland vs Colombia": {
      "home": 3.5539130434782606,
      "draw": 3.106086956521739,
      "away": 2.2717391304347827
    },
    "France vs Morocco": {
      "home": 1.58,
      "draw": 3.9430434782608694,
      "away": 6.329130434782608
    }
  },
  "outrights": {
    "France": 2.7,
    "Argentina": 5.75,
    "Spain": 6.85,
    "England": 11.75,
    "Brazil": 12.75,
    "Portugal": 14.75,
    "Colombia": 28.0,
    "Mexico": 29.5,
    "Morocco": 30.5,
    "United States": 34.5,
    "Norway": 42.0,
    "Belgium": 58.0,
    "Switzerland": 83.5,
    "Egypt": 305.5
  },
  "fetched": "2026-07-05T19:55:17.684286+00:00"
}