{
  "matches": {
    "Spain vs Argentina": {
      "home": 2.316,
      "draw": 3.0383999999999998,
      "away": 3.6096
    }
  },
  "outrights": {
    "Spain": 1.65,
    "Argentina": 2.3200000000000003
  },
  "fetched": "2026-07-19T14:23:44.145595+00:00"
}