{
  "matches": {
    "Canada vs Morocco": {
      "home": 5.692916666666666,
      "draw": 3.4916666666666667,
      "away": 1.7320833333333334
    },
    "Paraguay vs France": {
      "home": 17.691666666666666,
      "draw": 7.192916666666666,
      "away": 1.1854166666666666
    },
    "Brazil vs Norway": {
      "home": 1.82875,
      "draw": 3.71625,
      "away": 4.377916666666667
    },
    "Mexico vs England": {
      "home": 3.095416666666667,
      "draw": 3.20125,
      "away": 2.4470833333333335
    },
    "Portugal vs Spain": {
      "home": 4.091666666666667,
      "draw": 3.6316666666666664,
      "away": 1.9083333333333332
    },
    "United States vs Belgium": {
      "home": 2.748333333333333,
      "draw": 3.3375,
      "away": 2.629166666666667
    },
    "Argentina vs Egypt": {
      "home": 1.3616666666666666,
      "draw": 4.845,
      "away": 9.787083333333333
    },
    "Switzerland vs Colombia": {
      "home": 3.464166666666667,
      "draw": 3.1995833333333334,
      "away": 2.2516666666666665
    }
  },
  "outrights": {
    "France": 2.9299999999999997,
    "Argentina": 5.45,
    "Spain": 7.1,
    "England": 11.5,
    "Brazil": 13.0,
    "Portugal": 14.25,
    "Colombia": 28.0,
    "Mexico": 29.5,
    "Morocco": 33.5,
    "United States": 35.5,
    "Norway": 44.5,
    "Belgium": 55.5,
    "Switzerland": 83.5,
    "Canada": 300.5,
    "Egypt": 360.5,
    "Paraguay": 435.5
  },
  "fetched": "2026-07-04T14:37:58.936402+00:00"
}