{
  "matches": {
    "Spain vs Belgium": {
      "home": 1.6258333333333335,
      "draw": 3.999166666666667,
      "away": 5.702083333333333
    },
    "Norway vs England": {
      "home": 4.159166666666667,
      "draw": 3.70375,
      "away": 1.8745833333333335
    },
    "Argentina vs Switzerland": {
      "home": 1.6933333333333334,
      "draw": 3.5908333333333338,
      "away": 5.725833333333334
    }
  },
  "outrights": {
    "France": 2.54,
    "Argentina": 5.5,
    "Spain": 5.5,
    "England": 5.75,
    "Norway": 16.5,
    "Belgium": 39.0,
    "Switzerland": 41.0
  },
  "fetched": "2026-07-10T10:22:45.446045+00:00"
}