{
  "matches": {
    "Croatia vs Ghana": {
      "home": 1.8108333333333333,
      "draw": 3.263333333333333,
      "away": 5.500416666666666
    },
    "Panama vs England": {
      "home": 17.60375,
      "draw": 8.803333333333333,
      "away": 1.1520833333333333
    },
    "Colombia vs Portugal": {
      "home": 3.407083333333333,
      "draw": 3.8820833333333336,
      "away": 2.0479166666666666
    },
    "Congo DR vs Uzbekistan": {
      "home": 1.7136363636363638,
      "draw": 3.8422727272727273,
      "away": 5.121818181818182
    },
    "Algeria vs Austria": {
      "home": 3.5454166666666667,
      "draw": 2.05375,
      "away": 3.66625
    },
    "Jordan vs Argentina": {
      "home": 20.566666666666666,
      "draw": 9.191666666666666,
      "away": 1.1379166666666667
    },
    "South Africa vs Canada": {
      "home": 5.430416666666667,
      "draw": 3.55875,
      "away": 1.7325
    },
    "Brazil vs Japan": {
      "home": 1.6908333333333332,
      "draw": 3.8366666666666664,
      "away": 5.239583333333333
    },
    "Germany vs Paraguay": {
      "home": 1.3633333333333333,
      "draw": 5.058333333333334,
      "away": 8.885833333333332
    },
    "Netherlands vs Morocco": {
      "home": 2.1282608695652177,
      "draw": 3.2343478260869567,
      "away": 3.7960869565217394
    },
    "Ivory Coast vs Norway": {
      "home": 3.6308333333333334,
      "draw": 3.53375,
      "away": 2.0566666666666666
    },
    "France vs Sweden": {
      "home": 1.2895833333333333,
      "draw": 5.805,
      "away": 10.761666666666665
    },
    "United States vs Bosnia-Herzegovina": {
      "home": 1.3833333333333335,
      "draw": 4.83375,
      "away": 8.71375
    },
    "Australia vs Egypt": {
      "home": 3.264583333333333,
      "draw": 2.970416666666667,
      "away": 2.48625
    },
    "Argentina vs Cape Verde Islands": {
      "home": 1.1552173913043478,
      "draw": 7.880000000000001,
      "away": 19.479130434782608
    }
  },
  "outrights": {
    "France": 4.55,
    "Argentina": 6.0,
    "Spain": 7.5,
    "England": 7.8,
    "Portugal": 10.5,
    "Brazil": 14.5,
    "Netherlands": 17.5,
    "Germany": 21.5,
    "United States": 33.5,
    "Norway": 36.5,
    "Belgium": 53.0,
    "Morocco": 53.0,
    "Japan": 55.5,
    "Colombia": 55.5,
    "Mexico": 60.5,
    "Switzerland": 78.5,
    "Senegal": 155.5,
    "Ecuador": 153.0,
    "Croatia": 165.5,
    "Ivory Coast": 210.5,
    "Canada": 280.5,
    "Australia": 330.5,
    "Austria": 310.5,
    "Sweden": 340.5,
    "Egypt": 365.5,
    "Ghana": 525.5,
    "Bosnia-Herzegovina": 750.5,
    "Algeria": 750.5,
    "Paraguay": 625.5,
    "Iran": 750.5,
    "Uzbekistan": 1000.0,
    "South Korea": 700.5,
    "Scotland": 875.5,
    "Cape Verde Islands": 1000.5,
    "South Africa": 750.5,
    "Congo DR": 875.5
  },
  "fetched": "2026-06-27T20:34:22.869765+00:00"
}