{
  "matches": {
    "France vs England": {
      "home": 1.8716,
      "draw": 4.062799999999999,
      "away": 3.8512
    },
    "Spain vs Argentina": {
      "home": 2.3056,
      "draw": 3.0515999999999996,
      "away": 3.6036
    }
  },
  "outrights": {
    "Spain": 1.655,
    "Argentina": 2.3200000000000003
  },
  "fetched": "2026-07-18T14:20:11.932923+00:00"
}