{
  "matches": {
    "Norway vs France": {
      "home": 7.267083333333333,
      "draw": 5.558333333333334,
      "away": 1.3875
    },
    "Senegal vs Iraq": {
      "home": 1.2233333333333334,
      "draw": 6.984583333333333,
      "away": 12.816249999999998
    },
    "Cape Verde Islands vs Saudi Arabia": {
      "home": 2.6491666666666664,
      "draw": 3.3120833333333333,
      "away": 2.763333333333333
    },
    "Uruguay vs Spain": {
      "home": 6.115833333333334,
      "draw": 3.567083333333333,
      "away": 1.6783333333333335
    },
    "New Zealand vs Belgium": {
      "home": 14.179166666666667,
      "draw": 7.592083333333334,
      "away": 1.1891666666666667
    },
    "Egypt vs Iran": {
      "home": 2.4575,
      "draw": 2.6529166666666666,
      "away": 3.8775
    },
    "Croatia vs Ghana": {
      "home": 1.7716666666666667,
      "draw": 3.28875,
      "away": 5.720833333333334
    },
    "Panama vs England": {
      "home": 17.29041666666667,
      "draw": 8.386666666666667,
      "away": 1.1583333333333332
    },
    "Colombia vs Portugal": {
      "home": 4.116666666666666,
      "draw": 3.717916666666667,
      "away": 1.8783333333333332
    },
    "Congo DR vs Uzbekistan": {
      "home": 1.779090909090909,
      "draw": 3.9736363636363636,
      "away": 4.338636363636364
    },
    "Algeria vs Austria": {
      "home": 4.012083333333334,
      "draw": 2.2241666666666666,
      "away": 2.8554166666666667
    },
    "Jordan vs Argentina": {
      "home": 15.867083333333333,
      "draw": 7.829583333333333,
      "away": 1.1770833333333333
    },
    "South Africa vs Canada": {
      "home": 5.437083333333334,
      "draw": 3.6291666666666664,
      "away": 1.70875
    },
    "Brazil vs Japan": {
      "home": 1.7221739130434783,
      "draw": 3.7404347826086957,
      "away": 5.090434782608695
    },
    "Netherlands vs Morocco": {
      "home": 2.13695652173913,
      "draw": 3.3004347826086957,
      "away": 3.6504347826086954
    },
    "United States vs Bosnia-Herzegovina": {
      "home": 1.4066666666666665,
      "draw": 4.7508333333333335,
      "away": 8.217083333333333
    }
  },
  "outrights": {
    "France": 5.15,
    "Spain": 6.85,
    "Argentina": 7.2,
    "England": 8.1,
    "Portugal": 10.25,
    "Brazil": 14.25,
    "Netherlands": 16.25,
    "Germany": 18.5,
    "United States": 30.5,
    "Norway": 33.5,
    "Morocco": 50.5,
    "Colombia": 50.5,
    "Belgium": 58.0,
    "Japan": 55.5,
    "Mexico": 58.0,
    "Switzerland": 78.5,
    "Ecuador": 128.0,
    "Croatia": 160.5,
    "Senegal": 195.5,
    "Ivory Coast": 215.5,
    "Canada": 225.5,
    "Austria": 245.5,
    "Uruguay": 275.5,
    "Australia": 280.5,
    "Sweden": 285.5,
    "Egypt": 325.5,
    "Ghana": 490.5,
    "South Korea": 575.5,
    "Paraguay": 525.5,
    "Bosnia-Herzegovina": 650.5,
    "Algeria": 730.5,
    "Iran": 875.5,
    "Uzbekistan": 1000.0,
    "New Zealand": 1000.5,
    "Saudi Arabia": 1000.5,
    "Scotland": 875.5,
    "Cape Verde Islands": 1000.5,
    "South Africa": 750.5,
    "Congo DR": 875.5,
    "Iraq": 1750.5
  },
  "fetched": "2026-06-26T18:27:50.284044+00:00"
}