{
  "matches": {
    "Brazil vs Japan": {
      "home": 1.794,
      "draw": 3.5392,
      "away": 4.9844
    },
    "Germany vs Paraguay": {
      "home": 1.3572,
      "draw": 5.0952,
      "away": 9.4148
    },
    "Netherlands vs Morocco": {
      "home": 2.316666666666667,
      "draw": 3.141666666666667,
      "away": 3.452916666666667
    },
    "Ivory Coast vs Norway": {
      "home": 3.6624,
      "draw": 3.5439999999999996,
      "away": 2.0516
    },
    "France vs Sweden": {
      "home": 1.2724000000000002,
      "draw": 6.1968,
      "away": 11.0676
    },
    "Mexico vs Ecuador": {
      "home": 2.222,
      "draw": 2.9288,
      "away": 3.9827999999999997
    },
    "England vs Congo DR": {
      "home": 1.2717391304347827,
      "draw": 5.60695652173913,
      "away": 13.26478260869565
    },
    "Belgium vs Senegal": {
      "home": 2.2184,
      "draw": 3.2508,
      "away": 3.5336000000000003
    },
    "United States vs Bosnia-Herzegovina": {
      "home": 1.3692000000000002,
      "draw": 4.9988,
      "away": 8.9728
    },
    "Spain vs Austria": {
      "home": 1.3008000000000002,
      "draw": 5.3656,
      "away": 11.5044
    },
    "Portugal vs Croatia": {
      "home": 1.7872,
      "draw": 3.576,
      "away": 4.906000000000001
    },
    "Switzerland vs Algeria": {
      "home": 1.9972,
      "draw": 3.3512,
      "away": 4.1
    },
    "Australia vs Egypt": {
      "home": 3.3444,
      "draw": 2.9295999999999998,
      "away": 2.4864
    },
    "Argentina vs Cape Verde Islands": {
      "home": 1.1591999999999998,
      "draw": 7.965599999999999,
      "away": 18.9752
    },
    "Colombia vs Ghana": {
      "home": 1.5188,
      "draw": 3.9951999999999996,
      "away": 7.4912
    }
  },
  "outrights": {
    "France": 4.515000000000001,
    "Argentina": 5.1,
    "England": 7.9,
    "Spain": 8.15,
    "Brazil": 14.25,
    "Portugal": 13.75,
    "Netherlands": 17.5,
    "Germany": 20.0,
    "Colombia": 32.5,
    "United States": 35.5,
    "Norway": 38.5,
    "Morocco": 53.0,
    "Belgium": 55.5,
    "Mexico": 58.0,
    "Japan": 58.0,
    "Switzerland": 83.5,
    "Ecuador": 143.0,
    "Senegal": 165.5,
    "Croatia": 185.5,
    "Ivory Coast": 230.5,
    "Canada": 240.5,
    "Austria": 335.5,
    "Egypt": 390.5,
    "Sweden": 375.5,
    "Australia": 400.5,
    "Ghana": 550.5,
    "Algeria": 670.5,
    "Paraguay": 625.5,
    "Cape Verde Islands": 1000.5,
    "Congo DR": 750.5,
    "Bosnia-Herzegovina": 750.5
  },
  "fetched": "2026-06-29T16:38:42.909014+00:00"
}