{
  "matches": {
    "England vs Ghana": {
      "home": 1.17875,
      "draw": 7.557083333333334,
      "away": 17.28875
    },
    "Panama vs Croatia": {
      "home": 7.5995833333333325,
      "draw": 4.55,
      "away": 1.4516666666666664
    },
    "Colombia vs Congo DR": {
      "home": 1.5477272727272728,
      "draw": 4.0631818181818184,
      "away": 6.743181818181818
    },
    "Bosnia-Herzegovina vs Qatar": {
      "home": 1.3833333333333335,
      "draw": 5.2387500000000005,
      "away": 7.6379166666666665
    },
    "Switzerland vs Canada": {
      "home": 2.3379166666666666,
      "draw": 3.112083333333333,
      "away": 3.3925
    },
    "Scotland vs Brazil": {
      "home": 8.106666666666667,
      "draw": 5.214166666666666,
      "away": 1.3708333333333333
    },
    "Morocco vs Haiti": {
      "home": 1.16875,
      "draw": 7.607083333333333,
      "away": 18.230833333333333
    },
    "Czechia vs Mexico": {
      "home": 3.65875,
      "draw": 3.8829166666666666,
      "away": 1.94125
    },
    "South Africa vs South Korea": {
      "home": 5.385416666666667,
      "draw": 3.8266666666666667,
      "away": 1.67875
    },
    "Curaçao vs Ivory Coast": {
      "home": 19.002083333333335,
      "draw": 8.220416666666667,
      "away": 1.1512499999999999
    },
    "Ecuador vs Germany": {
      "home": 3.7416666666666667,
      "draw": 3.98625,
      "away": 1.8949999999999998
    },
    "Japan vs Sweden": {
      "home": 1.915,
      "draw": 3.4716666666666662,
      "away": 4.23125
    },
    "Tunisia vs Netherlands": {
      "home": 22.49434782608696,
      "draw": 8.83695652173913,
      "away": 1.1278260869565218
    },
    "Paraguay vs Australia": {
      "home": 2.9058333333333333,
      "draw": 2.22125,
      "away": 3.9145833333333333
    },
    "Turkey vs United States": {
      "home": 3.5520833333333335,
      "draw": 4.0675,
      "away": 1.92125
    },
    "Norway vs France": {
      "home": 5.14625,
      "draw": 4.295416666666667,
      "away": 1.6183333333333334
    },
    "Senegal vs Iraq": {
      "home": 1.23,
      "draw": 6.519583333333333,
      "away": 12.88
    },
    "Cape Verde Islands vs Saudi Arabia": {
      "home": 2.395,
      "draw": 3.4758333333333336,
      "away": 2.9299999999999997
    },
    "Uruguay vs Spain": {
      "home": 7.016666666666667,
      "draw": 4.19,
      "away": 1.5033333333333332
    },
    "New Zealand vs Belgium": {
      "home": 14.989999999999998,
      "draw": 7.267272727272727,
      "away": 1.1936363636363636
    },
    "Egypt vs Iran": {
      "home": 2.45125,
      "draw": 2.672916666666667,
      "away": 3.7762499999999997
    },
    "Croatia vs Ghana": {
      "home": 1.6709523809523807,
      "draw": 3.488571428571429,
      "away": 5.779047619047619
    },
    "Panama vs England": {
      "home": 13.152380952380952,
      "draw": 7.015714285714285,
      "away": 1.1990476190476191
    },
    "Colombia vs Portugal": {
      "home": 3.8247368421052634,
      "draw": 3.561578947368421,
      "away": 1.9442105263157894
    },
    "Congo DR vs Uzbekistan": {
      "home": 1.91,
      "draw": 3.7563157894736845,
      "away": 3.714210526315789
    },
    "Algeria vs Austria": {
      "home": 3.777272727272727,
      "draw": 2.3527272727272726,
      "away": 2.7618181818181817
    },
    "Jordan vs Argentina": {
      "home": 14.217619047619047,
      "draw": 6.976666666666667,
      "away": 1.2028571428571428
    }
  },
  "outrights": {
    "France": 5.15,
    "Spain": 6.5,
    "England": 7.3,
    "Argentina": 7.65,
    "Portugal": 11.25,
    "Germany": 15.75,
    "Netherlands": 17.0,
    "Brazil": 17.5,
    "United States": 34.0,
    "Norway": 34.5,
    "Japan": 45.5,
    "Morocco": 42.0,
    "Belgium": 58.0,
    "Colombia": 60.5,
    "Mexico": 68.0,
    "Switzerland": 105.5,
    "Croatia": 158.0,
    "Ivory Coast": 200.5,
    "Senegal": 205.5,
    "Canada": 198.0,
    "Australia": 280.5,
    "Egypt": 290.5,
    "Sweden": 265.5,
    "Austria": 295.5,
    "Ecuador": 355.5,
    "South Korea": 365.5,
    "Uruguay": 355.5,
    "Paraguay": 525.5,
    "Scotland": 525.5,
    "Ghana": 585.5,
    "Algeria": 710.5,
    "Iran": 875.5,
    "Uzbekistan": 1000.0,
    "New Zealand": 1000.5,
    "Qatar": 2250.5,
    "Saudi Arabia": 1000.5,
    "Cape Verde Islands": 1000.5,
    "South Africa": 1250.5,
    "Curaçao": 1750.5,
    "Czechia": 750.5,
    "Congo DR": 875.5,
    "Iraq": 1750.5,
    "Panama": 1250.5,
    "Bosnia-Herzegovina": 750.5
  },
  "fetched": "2026-06-23T19:32:26.764155+00:00"
}