{
  "matches": {
    "Scotland vs Brazil": {
      "home": 10.229166666666666,
      "draw": 5.483333333333333,
      "away": 1.3191666666666666
    },
    "Morocco vs Haiti": {
      "home": 1.2633333333333334,
      "draw": 6.076250000000001,
      "away": 11.589583333333332
    },
    "Czechia vs Mexico": {
      "home": 3.80125,
      "draw": 3.856666666666667,
      "away": 1.93
    },
    "South Africa vs South Korea": {
      "home": 6.040416666666666,
      "draw": 3.98625,
      "away": 1.5999999999999999
    },
    "Curaçao vs Ivory Coast": {
      "home": 18.965416666666666,
      "draw": 8.205416666666666,
      "away": 1.1545833333333333
    },
    "Ecuador vs Germany": {
      "home": 3.9,
      "draw": 4.090833333333333,
      "away": 1.8391666666666666
    },
    "Japan vs Sweden": {
      "home": 1.88375,
      "draw": 3.516666666666667,
      "away": 4.341666666666667
    },
    "Tunisia vs Netherlands": {
      "home": 25.614782608695652,
      "draw": 10.194782608695652,
      "away": 1.1091304347826088
    },
    "Paraguay vs Australia": {
      "home": 2.86375,
      "draw": 2.2504166666666667,
      "away": 3.9316666666666666
    },
    "Turkey vs United States": {
      "home": 3.5975,
      "draw": 4.07625,
      "away": 1.915
    },
    "Norway vs France": {
      "home": 4.715416666666667,
      "draw": 4.352083333333334,
      "away": 1.66
    },
    "Senegal vs Iraq": {
      "home": 1.2258333333333333,
      "draw": 6.670833333333333,
      "away": 12.965416666666668
    },
    "Cape Verde Islands vs Saudi Arabia": {
      "home": 2.445,
      "draw": 3.439583333333333,
      "away": 2.9095833333333334
    },
    "Uruguay vs Spain": {
      "home": 7.111666666666667,
      "draw": 4.198333333333333,
      "away": 1.4979166666666668
    },
    "New Zealand vs Belgium": {
      "home": 17.350833333333334,
      "draw": 8.030416666666666,
      "away": 1.1629166666666666
    },
    "Egypt vs Iran": {
      "home": 2.47125,
      "draw": 2.65875,
      "away": 3.7741666666666664
    },
    "Croatia vs Ghana": {
      "home": 1.7816666666666665,
      "draw": 3.2862500000000003,
      "away": 5.585416666666667
    },
    "Panama vs England": {
      "home": 16.19125,
      "draw": 7.889166666666667,
      "away": 1.1683333333333332
    },
    "Colombia vs Portugal": {
      "home": 4.066666666666666,
      "draw": 3.6875,
      "away": 1.8920833333333331
    },
    "Congo DR vs Uzbekistan": {
      "home": 1.7536363636363637,
      "draw": 4.091818181818182,
      "away": 4.326363636363637
    },
    "Algeria vs Austria": {
      "home": 3.847272727272727,
      "draw": 2.2822727272727272,
      "away": 2.8036363636363637
    },
    "Jordan vs Argentina": {
      "home": 15.003636363636362,
      "draw": 7.257727272727272,
      "away": 1.1927272727272726
    }
  },
  "outrights": {
    "France": 5.15,
    "Spain": 6.4,
    "Argentina": 7.2,
    "England": 7.9,
    "Portugal": 11.5,
    "Germany": 15.75,
    "Brazil": 16.75,
    "Netherlands": 17.0,
    "United States": 31.5,
    "Norway": 34.5,
    "Morocco": 41.0,
    "Japan": 45.5,
    "Colombia": 55.5,
    "Belgium": 58.0,
    "Switzerland": 76.0,
    "Mexico": 70.5,
    "Croatia": 155.5,
    "Ivory Coast": 200.5,
    "Senegal": 210.5,
    "Egypt": 290.5,
    "Canada": 275.5,
    "Sweden": 275.5,
    "Austria": 275.5,
    "Australia": 330.5,
    "Iran": 580.5,
    "South Korea": 390.5,
    "Uruguay": 345.5,
    "Ecuador": 405.5,
    "Scotland": 455.5,
    "Ghana": 465.5,
    "Bosnia-Herzegovina": 605.5,
    "Paraguay": 500.5,
    "Algeria": 720.5,
    "Uzbekistan": 1000.0,
    "New Zealand": 1000.5,
    "Saudi Arabia": 1000.5,
    "Cape Verde Islands": 1000.5,
    "South Africa": 1250.5,
    "Curaçao": 1750.5,
    "Czechia": 750.5,
    "Congo DR": 875.5,
    "Iraq": 1750.5
  },
  "fetched": "2026-06-24T21:48:34.856495+00:00"
}