{
  "matches": {
    "Bosnia-Herzegovina vs Qatar": {
      "home": 1.3876,
      "draw": 5.3076,
      "away": 7.692
    },
    "Switzerland vs Canada": {
      "home": 2.3819999999999997,
      "draw": 3.1208,
      "away": 3.3436000000000003
    },
    "Scotland vs Brazil": {
      "home": 9.512916666666667,
      "draw": 5.555,
      "away": 1.3258333333333334
    },
    "Morocco vs Haiti": {
      "home": 1.19,
      "draw": 7.3724,
      "away": 16.7516
    },
    "Czechia vs Mexico": {
      "home": 3.7439999999999998,
      "draw": 3.8771999999999998,
      "away": 1.9491999999999998
    },
    "South Africa vs South Korea": {
      "home": 5.4684,
      "draw": 3.8868,
      "away": 1.6728
    },
    "Curaçao vs Ivory Coast": {
      "home": 19.1444,
      "draw": 8.1988,
      "away": 1.1532
    },
    "Ecuador vs Germany": {
      "home": 3.8224,
      "draw": 4.034800000000001,
      "away": 1.8652000000000002
    },
    "Japan vs Sweden": {
      "home": 1.8952,
      "draw": 3.5216000000000003,
      "away": 4.2636
    },
    "Tunisia vs Netherlands": {
      "home": 23.285416666666666,
      "draw": 8.907916666666667,
      "away": 1.1254166666666667
    },
    "Paraguay vs Australia": {
      "home": 2.9216,
      "draw": 2.2208,
      "away": 3.9295999999999998
    },
    "Turkey vs United States": {
      "home": 3.5676,
      "draw": 4.062799999999999,
      "away": 1.9176
    },
    "Norway vs France": {
      "home": 4.6936,
      "draw": 4.3564,
      "away": 1.658
    },
    "Senegal vs Iraq": {
      "home": 1.2231999999999998,
      "draw": 6.6924,
      "away": 13.065999999999999
    },
    "Cape Verde Islands vs Saudi Arabia": {
      "home": 2.4316,
      "draw": 3.4492000000000003,
      "away": 2.9236
    },
    "Uruguay vs Spain": {
      "home": 6.9924,
      "draw": 4.158,
      "away": 1.5112
    },
    "New Zealand vs Belgium": {
      "home": 15.5656,
      "draw": 7.3072,
      "away": 1.1904
    },
    "Egypt vs Iran": {
      "home": 2.4452000000000003,
      "draw": 2.6732,
      "away": 3.7996
    },
    "Croatia vs Ghana": {
      "home": 1.755,
      "draw": 3.39625,
      "away": 5.567916666666666
    },
    "Panama vs England": {
      "home": 15.719999999999999,
      "draw": 7.771666666666667,
      "away": 1.1758333333333333
    },
    "Colombia vs Portugal": {
      "home": 3.977272727272727,
      "draw": 3.7236363636363636,
      "away": 1.9013636363636364
    },
    "Congo DR vs Uzbekistan": {
      "home": 1.7981818181818183,
      "draw": 4.058181818181819,
      "away": 4.106363636363636
    },
    "Algeria vs Austria": {
      "home": 3.864782608695652,
      "draw": 2.2878260869565215,
      "away": 2.7943478260869563
    },
    "Jordan vs Argentina": {
      "home": 14.566521739130433,
      "draw": 7.117826086956522,
      "away": 1.1991304347826086
    }
  },
  "outrights": {
    "France": 5.1,
    "Spain": 6.4,
    "Argentina": 7.55,
    "England": 7.8,
    "Portugal": 11.75,
    "Germany": 15.75,
    "Brazil": 17.0,
    "Netherlands": 17.25,
    "United States": 34.0,
    "Norway": 33.5,
    "Morocco": 39.5,
    "Japan": 45.5,
    "Colombia": 48.0,
    "Belgium": 58.0,
    "Mexico": 68.0,
    "Switzerland": 100.5,
    "Croatia": 155.5,
    "Ivory Coast": 200.5,
    "Canada": 198.0,
    "Senegal": 215.5,
    "Egypt": 290.5,
    "Australia": 300.5,
    "Sweden": 260.5,
    "Austria": 300.5,
    "Ecuador": 360.5,
    "South Korea": 365.5,
    "Ghana": 435.5,
    "Uruguay": 390.5,
    "Paraguay": 475.5,
    "Scotland": 480.5,
    "Algeria": 710.5,
    "Iran": 875.5,
    "Uzbekistan": 1000.0,
    "New Zealand": 1000.5,
    "Qatar": 2250.5,
    "Saudi Arabia": 1000.5,
    "Cape Verde Islands": 1000.5,
    "South Africa": 1250.5,
    "Curaçao": 1750.5,
    "Czechia": 750.5,
    "Congo DR": 875.5,
    "Iraq": 1750.5,
    "Bosnia-Herzegovina": 750.5
  },
  "fetched": "2026-06-24T10:22:17.235902+00:00"
}