{
  "matches": {
    "Colombia vs Congo DR": {
      "home": 1.5368181818181819,
      "draw": 4.005909090909091,
      "away": 7.0627272727272725
    },
    "Bosnia-Herzegovina vs Qatar": {
      "home": 1.4154166666666665,
      "draw": 5.078333333333333,
      "away": 7.052916666666667
    },
    "Switzerland vs Canada": {
      "home": 2.3466666666666667,
      "draw": 3.122916666666667,
      "away": 3.3670833333333334
    },
    "Scotland vs Brazil": {
      "home": 8.374583333333334,
      "draw": 5.27875,
      "away": 1.3633333333333333
    },
    "Morocco vs Haiti": {
      "home": 1.1829166666666666,
      "draw": 7.359166666666667,
      "away": 16.581666666666667
    },
    "Czechia vs Mexico": {
      "home": 3.669583333333333,
      "draw": 3.8779166666666662,
      "away": 1.9420833333333334
    },
    "South Africa vs South Korea": {
      "home": 5.383333333333333,
      "draw": 3.8354166666666667,
      "away": 1.6749999999999998
    },
    "Curaçao vs Ivory Coast": {
      "home": 19.170416666666664,
      "draw": 8.198333333333332,
      "away": 1.1529166666666666
    },
    "Ecuador vs Germany": {
      "home": 3.78,
      "draw": 4.005416666666666,
      "away": 1.8841666666666665
    },
    "Japan vs Sweden": {
      "home": 1.91,
      "draw": 3.4570833333333333,
      "away": 4.287916666666667
    },
    "Tunisia vs Netherlands": {
      "home": 22.50086956521739,
      "draw": 8.817391304347826,
      "away": 1.1278260869565218
    },
    "Paraguay vs Australia": {
      "home": 2.9225,
      "draw": 2.209166666666667,
      "away": 3.9287500000000004
    },
    "Turkey vs United States": {
      "home": 3.60375,
      "draw": 4.07625,
      "away": 1.9033333333333333
    },
    "Norway vs France": {
      "home": 5.077916666666667,
      "draw": 4.298333333333333,
      "away": 1.6270833333333332
    },
    "Senegal vs Iraq": {
      "home": 1.2266666666666666,
      "draw": 6.5975,
      "away": 12.984166666666667
    },
    "Cape Verde Islands vs Saudi Arabia": {
      "home": 2.3979166666666667,
      "draw": 3.4654166666666666,
      "away": 2.9454166666666666
    },
    "Uruguay vs Spain": {
      "home": 7.103750000000001,
      "draw": 4.220416666666667,
      "away": 1.4966666666666668
    },
    "New Zealand vs Belgium": {
      "home": 15.199583333333335,
      "draw": 7.224166666666666,
      "away": 1.1954166666666666
    },
    "Egypt vs Iran": {
      "home": 2.4375,
      "draw": 2.6787500000000004,
      "away": 3.80875
    },
    "Croatia vs Ghana": {
      "home": 1.7383333333333333,
      "draw": 3.346111111111111,
      "away": 5.4188888888888895
    },
    "Panama vs England": {
      "home": 14.253888888888888,
      "draw": 7.639444444444444,
      "away": 1.171111111111111
    },
    "Colombia vs Portugal": {
      "home": 3.8594999999999997,
      "draw": 3.5875,
      "away": 1.9175
    },
    "Congo DR vs Uzbekistan": {
      "home": 1.8565,
      "draw": 3.7825,
      "away": 3.8875
    },
    "Algeria vs Austria": {
      "home": 3.8150000000000004,
      "draw": 2.3154545454545454,
      "away": 2.789090909090909
    },
    "Jordan vs Argentina": {
      "home": 14.875,
      "draw": 6.99625,
      "away": 1.2004166666666667
    }
  },
  "outrights": {
    "France": 5.1,
    "Spain": 6.5,
    "Argentina": 7.65,
    "England": 7.6,
    "Portugal": 11.25,
    "Germany": 15.75,
    "Netherlands": 17.0,
    "Brazil": 17.0,
    "United States": 34.0,
    "Norway": 33.5,
    "Morocco": 39.5,
    "Japan": 45.5,
    "Belgium": 58.0,
    "Colombia": 60.5,
    "Mexico": 68.0,
    "Switzerland": 105.5,
    "Croatia": 140.5,
    "Ivory Coast": 195.5,
    "Senegal": 200.5,
    "Canada": 198.0,
    "Egypt": 290.5,
    "Australia": 295.5,
    "Sweden": 250.5,
    "Ghana": 385.5,
    "Austria": 295.5,
    "Ecuador": 355.5,
    "South Korea": 360.5,
    "Uruguay": 350.5,
    "Paraguay": 475.5,
    "Scotland": 480.5,
    "Algeria": 650.5,
    "Iran": 875.5,
    "Uzbekistan": 1000.0,
    "New Zealand": 1000.5,
    "Qatar": 2250.5,
    "Saudi Arabia": 1000.5,
    "Cape Verde Islands": 1000.5,
    "South Africa": 1250.5,
    "Curaçao": 1750.5,
    "Czechia": 750.5,
    "Congo DR": 875.5,
    "Iraq": 1750.5,
    "Bosnia-Herzegovina": 750.5
  },
  "fetched": "2026-06-24T01:33:37.370873+00:00"
}