{
  "matches": {
    "Bosnia-Herzegovina vs Qatar": {
      "home": 1.36,
      "draw": 5.460416666666667,
      "away": 8.202083333333333
    },
    "Switzerland vs Canada": {
      "home": 2.466666666666667,
      "draw": 3.0554166666666664,
      "away": 3.264583333333333
    },
    "Scotland vs Brazil": {
      "home": 9.924999999999999,
      "draw": 5.62375,
      "away": 1.31625
    },
    "Morocco vs Haiti": {
      "home": 1.1791666666666665,
      "draw": 7.557916666666667,
      "away": 18.330416666666668
    },
    "Czechia vs Mexico": {
      "home": 3.78,
      "draw": 3.8833333333333333,
      "away": 1.9337499999999999
    },
    "South Africa vs South Korea": {
      "home": 5.9575,
      "draw": 3.967916666666667,
      "away": 1.6104166666666666
    },
    "Curaçao vs Ivory Coast": {
      "home": 18.701666666666664,
      "draw": 8.129583333333333,
      "away": 1.1541666666666666
    },
    "Ecuador vs Germany": {
      "home": 3.8495833333333334,
      "draw": 4.0495833333333335,
      "away": 1.8529166666666665
    },
    "Japan vs Sweden": {
      "home": 1.8825,
      "draw": 3.5375,
      "away": 4.316666666666666
    },
    "Tunisia vs Netherlands": {
      "home": 25.06173913043478,
      "draw": 9.668260869565218,
      "away": 1.1169565217391304
    },
    "Paraguay vs Australia": {
      "home": 2.860416666666667,
      "draw": 2.2483333333333335,
      "away": 3.9266666666666663
    },
    "Turkey vs United States": {
      "home": 3.5841666666666665,
      "draw": 4.065833333333333,
      "away": 1.9179166666666667
    },
    "Norway vs France": {
      "home": 4.69625,
      "draw": 4.377916666666667,
      "away": 1.6583333333333332
    },
    "Senegal vs Iraq": {
      "home": 1.2249999999999999,
      "draw": 6.6525,
      "away": 12.988750000000001
    },
    "Cape Verde Islands vs Saudi Arabia": {
      "home": 2.4516666666666667,
      "draw": 3.439583333333333,
      "away": 2.9025
    },
    "Uruguay vs Spain": {
      "home": 6.992916666666667,
      "draw": 4.152916666666667,
      "away": 1.5083333333333335
    },
    "New Zealand vs Belgium": {
      "home": 15.5175,
      "draw": 7.4425,
      "away": 1.1875
    },
    "Egypt vs Iran": {
      "home": 2.4779166666666668,
      "draw": 2.6679166666666667,
      "away": 3.7420833333333334
    },
    "Croatia vs Ghana": {
      "home": 1.7700000000000002,
      "draw": 3.3208333333333333,
      "away": 5.616666666666667
    },
    "Panama vs England": {
      "home": 16.0725,
      "draw": 7.917083333333333,
      "away": 1.1708333333333332
    },
    "Colombia vs Portugal": {
      "home": 3.9663636363636368,
      "draw": 3.7236363636363636,
      "away": 1.9054545454545455
    },
    "Congo DR vs Uzbekistan": {
      "home": 1.7922727272727272,
      "draw": 4.0604545454545455,
      "away": 4.15090909090909
    },
    "Algeria vs Austria": {
      "home": 3.8754545454545455,
      "draw": 2.2822727272727272,
      "away": 2.795909090909091
    },
    "Jordan vs Argentina": {
      "home": 14.82,
      "draw": 7.21090909090909,
      "away": 1.195
    }
  },
  "outrights": {
    "France": 5.15,
    "Spain": 6.5,
    "Argentina": 7.55,
    "England": 7.8,
    "Portugal": 11.5,
    "Germany": 15.75,
    "Brazil": 17.0,
    "Netherlands": 17.25,
    "United States": 33.0,
    "Norway": 33.5,
    "Morocco": 38.5,
    "Japan": 45.5,
    "Colombia": 55.5,
    "Belgium": 58.0,
    "Mexico": 68.0,
    "Switzerland": 95.5,
    "Croatia": 155.5,
    "Ivory Coast": 200.5,
    "Senegal": 205.5,
    "Canada": 235.5,
    "Egypt": 290.5,
    "Sweden": 275.5,
    "Australia": 310.5,
    "Austria": 290.5,
    "Ecuador": 410.5,
    "South Korea": 415.5,
    "Uruguay": 375.5,
    "Ghana": 450.5,
    "Paraguay": 505.5,
    "Scotland": 555.5,
    "Algeria": 725.5,
    "Iran": 875.5,
    "Uzbekistan": 1000.0,
    "New Zealand": 1000.5,
    "Qatar": 2250.5,
    "Saudi Arabia": 1000.5,
    "Cape Verde Islands": 1000.5,
    "South Africa": 1250.5,
    "Curaçao": 1750.5,
    "Czechia": 750.5,
    "Congo DR": 875.5,
    "Iraq": 1750.5,
    "Bosnia-Herzegovina": 750.5
  },
  "fetched": "2026-06-24T15:33:34.155636+00:00"
}