{
  "matches": {
    "France vs Morocco": {
      "home": 1.58875,
      "draw": 3.88625,
      "away": 6.584583333333334
    },
    "Spain vs Belgium": {
      "home": 1.6425,
      "draw": 3.9629166666666666,
      "away": 5.5008333333333335
    },
    "Norway vs England": {
      "home": 4.179166666666666,
      "draw": 3.7075,
      "away": 1.87125
    },
    "Argentina vs Switzerland": {
      "home": 1.70125,
      "draw": 3.591666666666667,
      "away": 5.640416666666667
    }
  },
  "outrights": {
    "France": 2.99,
    "Argentina": 5.05,
    "Spain": 5.1,
    "England": 5.7,
    "Norway": 16.75,
    "Morocco": 31.5,
    "Belgium": 36.0,
    "Switzerland": 38.0
  },
  "fetched": "2026-07-09T15:56:10.259501+00:00"
}