{
  "matches": {
    "England vs Argentina": {
      "home": 2.7316000000000003,
      "draw": 2.9252,
      "away": 3.0376
    }
  },
  "outrights": {
    "Spain": 1.71,
    "England": 4.025,
    "Argentina": 5.05
  },
  "fetched": "2026-07-15T14:51:17.849016+00:00"
}