{
  "matches": {
    "Norway vs France": {
      "home": 4.6476,
      "draw": 4.6524,
      "away": 1.6432
    },
    "Senegal vs Iraq": {
      "home": 1.2324,
      "draw": 6.8276,
      "away": 12.66
    },
    "Cape Verde Islands vs Saudi Arabia": {
      "home": 2.6896,
      "draw": 3.2971999999999997,
      "away": 2.7532
    },
    "Uruguay vs Spain": {
      "home": 6.3004,
      "draw": 3.79,
      "away": 1.6184
    },
    "New Zealand vs Belgium": {
      "home": 15.1064,
      "draw": 7.81,
      "away": 1.1847999999999999
    },
    "Egypt vs Iran": {
      "home": 2.484,
      "draw": 2.6544,
      "away": 3.8183999999999996
    },
    "Croatia vs Ghana": {
      "home": 1.7775999999999998,
      "draw": 3.278,
      "away": 5.6804
    },
    "Panama vs England": {
      "home": 16.5392,
      "draw": 8.01,
      "away": 1.1672
    },
    "Colombia vs Portugal": {
      "home": 4.1484,
      "draw": 3.7163999999999997,
      "away": 1.8703999999999998
    },
    "Congo DR vs Uzbekistan": {
      "home": 1.753913043478261,
      "draw": 4.119130434782608,
      "away": 4.333043478260869
    },
    "Algeria vs Austria": {
      "home": 4.01,
      "draw": 2.2232,
      "away": 2.8536
    },
    "Jordan vs Argentina": {
      "home": 15.9956,
      "draw": 7.684399999999999,
      "away": 1.1791999999999998
    },
    "South Africa vs Canada": {
      "home": 5.456086956521739,
      "draw": 3.6282608695652177,
      "away": 1.7069565217391303
    },
    "Brazil vs Japan": {
      "home": 1.7409090909090907,
      "draw": 3.7113636363636364,
      "away": 5.009545454545454
    },
    "Netherlands vs Morocco": {
      "home": 2.1286363636363634,
      "draw": 3.3150000000000004,
      "away": 3.6649999999999996
    },
    "United States vs Bosnia-Herzegovina": {
      "home": 1.4873913043478262,
      "draw": 4.377826086956522,
      "away": 7.0495652173913035
    }
  },
  "outrights": {
    "France": 5.15,
    "Spain": 6.75,
    "Argentina": 7.2,
    "England": 8.1,
    "Portugal": 10.5,
    "Brazil": 14.0,
    "Netherlands": 16.5,
    "Germany": 18.25,
    "United States": 30.5,
    "Norway": 32.5,
    "Morocco": 50.5,
    "Japan": 53.0,
    "Colombia": 53.0,
    "Belgium": 60.5,
    "Mexico": 55.5,
    "Switzerland": 78.5,
    "Ecuador": 200.5,
    "Croatia": 155.5,
    "Senegal": 205.5,
    "Ivory Coast": 215.5,
    "Australia": 250.5,
    "Canada": 235.5,
    "Sweden": 270.5,
    "Austria": 245.5,
    "Egypt": 310.5,
    "Uruguay": 330.5,
    "Ghana": 475.5,
    "Iran": 710.5,
    "Paraguay": 500.5,
    "South Korea": 580.5,
    "Bosnia-Herzegovina": 715.5,
    "Algeria": 750.5,
    "Uzbekistan": 1000.0,
    "New Zealand": 1000.5,
    "Saudi Arabia": 1000.5,
    "Scotland": 875.5,
    "Cape Verde Islands": 1000.5,
    "South Africa": 750.5,
    "Congo DR": 875.5,
    "Iraq": 1750.5
  },
  "fetched": "2026-06-26T10:22:49.269564+00:00"
}