{
  "matches": {
    "France vs England": {
      "home": 1.9024999999999999,
      "draw": 3.8658333333333332,
      "away": 3.8641666666666663
    },
    "Spain vs Argentina": {
      "home": 2.3183333333333334,
      "draw": 3.0408333333333335,
      "away": 3.579166666666667
    }
  },
  "outrights": {
    "Spain": 1.6600000000000001,
    "Argentina": 2.3
  },
  "fetched": "2026-07-16T15:02:47.234805+00:00"
}