{
  "matches": {
    "South Africa vs Canada": {
      "home": 6.047499999999999,
      "draw": 3.66625,
      "away": 1.6674999999999998
    },
    "Brazil vs Japan": {
      "home": 1.6858333333333333,
      "draw": 3.8641666666666663,
      "away": 5.260416666666667
    },
    "Germany vs Paraguay": {
      "home": 1.32875,
      "draw": 5.334166666666667,
      "away": 9.76
    },
    "Netherlands vs Morocco": {
      "home": 2.177391304347826,
      "draw": 3.1613043478260874,
      "away": 3.713913043478261
    },
    "Ivory Coast vs Norway": {
      "home": 3.7075,
      "draw": 3.5229166666666667,
      "away": 2.0420833333333333
    },
    "France vs Sweden": {
      "home": 1.2716666666666667,
      "draw": 6.09125,
      "away": 11.106250000000001
    },
    "Mexico vs Ecuador": {
      "home": 2.2620833333333334,
      "draw": 2.9895833333333335,
      "away": 3.731666666666667
    },
    "England vs Congo DR": {
      "home": 1.2704545454545455,
      "draw": 5.618181818181818,
      "away": 12.672272727272729
    },
    "Belgium vs Senegal": {
      "home": 2.1617391304347824,
      "draw": 3.2060869565217387,
      "away": 3.6873913043478264
    },
    "United States vs Bosnia-Herzegovina": {
      "home": 1.3604166666666666,
      "draw": 5.035833333333334,
      "away": 9.206249999999999
    },
    "Spain vs Austria": {
      "home": 1.2820833333333332,
      "draw": 5.40625,
      "away": 12.521666666666667
    },
    "Portugal vs Croatia": {
      "home": 1.8116666666666668,
      "draw": 3.497083333333333,
      "away": 4.83875
    },
    "Switzerland vs Algeria": {
      "home": 1.8883333333333334,
      "draw": 3.5050000000000003,
      "away": 4.335
    },
    "Australia vs Egypt": {
      "home": 3.2916666666666665,
      "draw": 2.9654166666666666,
      "away": 2.4808333333333334
    },
    "Argentina vs Cape Verde Islands": {
      "home": 1.1516666666666666,
      "draw": 8.157083333333334,
      "away": 20.2925
    },
    "Colombia vs Ghana": {
      "home": 1.5708333333333335,
      "draw": 3.8295833333333333,
      "away": 6.84375
    }
  },
  "outrights": {
    "France": 4.415,
    "Argentina": 5.1,
    "England": 7.9,
    "Spain": 8.25,
    "Brazil": 15.0,
    "Portugal": 14.0,
    "Netherlands": 17.5,
    "Germany": 21.0,
    "Colombia": 36.0,
    "United States": 36.5,
    "Norway": 36.5,
    "Morocco": 53.0,
    "Belgium": 55.5,
    "Mexico": 58.0,
    "Japan": 60.5,
    "Switzerland": 78.5,
    "Ecuador": 148.0,
    "Senegal": 170.5,
    "Ivory Coast": 210.5,
    "Croatia": 195.5,
    "Canada": 300.5,
    "Austria": 325.5,
    "Sweden": 350.5,
    "Egypt": 390.5,
    "Australia": 440.5,
    "Ghana": 525.5,
    "Bosnia-Herzegovina": 715.5,
    "Algeria": 725.5,
    "Paraguay": 625.5,
    "Cape Verde Islands": 1000.5,
    "South Africa": 750.5,
    "Congo DR": 750.5
  },
  "fetched": "2026-06-28T14:49:12.924719+00:00"
}