{
  "matches": {
    "Brazil vs Norway": {
      "home": 1.7895833333333335,
      "draw": 3.736666666666667,
      "away": 4.670416666666667
    },
    "Mexico vs England": {
      "home": 3.1275,
      "draw": 3.2083333333333335,
      "away": 2.4454166666666666
    },
    "Portugal vs Spain": {
      "home": 4.0062500000000005,
      "draw": 3.65875,
      "away": 1.9220833333333331
    },
    "United States vs Belgium": {
      "home": 2.672083333333333,
      "draw": 3.408333333333333,
      "away": 2.665
    },
    "Argentina vs Egypt": {
      "home": 1.3891666666666664,
      "draw": 4.715,
      "away": 9.266666666666667
    },
    "Switzerland vs Colombia": {
      "home": 3.54125,
      "draw": 3.1175,
      "away": 2.2741666666666664
    },
    "France vs Morocco": {
      "home": 1.5783333333333334,
      "draw": 3.9599999999999995,
      "away": 6.330000000000001
    }
  },
  "outrights": {
    "France": 2.69,
    "Argentina": 5.75,
    "Spain": 6.85,
    "England": 11.5,
    "Brazil": 13.0,
    "Portugal": 14.75,
    "Colombia": 28.0,
    "Mexico": 29.5,
    "Morocco": 30.5,
    "United States": 35.5,
    "Norway": 42.0,
    "Belgium": 58.0,
    "Switzerland": 83.5,
    "Egypt": 325.5
  },
  "fetched": "2026-07-05T14:44:11.998797+00:00"
}