{
  "matches": {
    "England vs Argentina": {
      "home": 2.7248,
      "draw": 2.9463999999999997,
      "away": 3.0176
    }
  },
  "outrights": {
    "Spain": 1.72,
    "England": 3.975,
    "Argentina": 5.1
  },
  "fetched": "2026-07-15T09:08:09.269785+00:00"
}